id,name,email,note
1,j1wjqbU=,r1wjqbW8dSX1TkymjY24aiY=,qEohruidYg==
2,eR0dcRc=,WR0dcRdh3WP2abal4poiNM8=,XgsfdklAyg==
3,L2pEmlg=,D2pEmlg9IyJA/pLl+LD+J7Y=,CHxGnQccNA==
4,KZ14Wug=,CZ14WugSAAQMj0oEDIR+hiw=,Dot6XbAzFw==
5,p8EWeQM=,h8EWeQO7oQdhvc5s0d9TCyg=,hNsD
6,fSPOxPU=,XSPOxPV5y0jYoV9QEPNbFCk=,WjXMw69Y3A==
7,cmOF0w8=,UmOF0w+Wb7Djr7YmSBRsg0A=,VXWH1FS3eA==
8,5/nM6B0=,x/nM6B2/BLvt9BYh03F6SqM=,wO/O70meEw==
9,NaVkun0=,FaVkun0+tzjsoY7MKHuuhoo=,ErNmvSgfoA==
10,lSRhKRIe,tSRhKRIewSqBiKfB1ff1X5wf,tj50
11,nbiqKhws,vbiqKhwsjgdTuBYygr8GwP/4,uq6oLUF8vA==
12,RCcQyv0l,ZCcQyv0lxaVyoaSPnym/ZTZQ,YzESzaB29w==
13,05X9bwbz,85X9bwbztDBFXjHtFxvxVBjK,9IP/aFuhhg==
14,QGzIK8O+,YGzIK8O+sfTdPy93J/EFb2R4,Z3rKLJ7rgw==
15,Gk//cNvS,Ok//cNvS6rT6uGV1cE96WSUm,OVXq
16,go+YNZo5,oo+YNZo5BP68zPZbNHWbf81P,pZmaMsduNg==
17,RNDCtIBn,ZNDCtIBnyCwXxN/Lr1/tbClM,Y8bAs90x+g==
18,qUVgk09s,iUVgk09sTX3WZxzcBR6qXxm5,jlNilBI1fw==
19,Wbsdrtc0,ebsdrtc08inqQHoXxBCf4FYw,fq0fqYpswA==
20,s5KeLpk1,k5KeLpk1NmzC7rLI5xvFzHCb,kIiL
21,XbOtbUXk,fbOtbUXk4H69Wr59LG9Y9aUs,eqWvahu00g==
22,x2EyanBb,52EyanBb2V4fUiCGt+gf7Bhu,4HcwbS4I6w==
23,w/ijC70B,4/ijC70B60UUtB4pugR2e4sY,5O6hDONT2Q==
24,9R/LpKuV,1R/LpKuVfgYcgFlUfm11Hs3C,0gnJo/XATA==
25,3eUbMPBq,/eUbMPBqni1x59u1XzZDitgc,/v8O
26,sLIeIVDz,kLIeIVDzBSjUlhfhUPtDkUrU,l6QcJg6kNw==
27,R0Q/w+0E,Z0Q/w+0ECmCMaw8ukd8of1T7,YFI9xLNSOA==
28,GYoZcnQU,OYoZcnQUzQ63yP8Hiuo8ojug,PpwbdSpN/w==
29,ZsFXHGWh,RsFXHGWhCrScfYMsQRSKhGUK,QddVGzv5OA==
30,w2OnCgti,42OnCgtizxEizTgRhCw4v0hm,4Hmy
